Domain Code,Domain,Area Code (M49),Area,Element Code,Element,Item Code,Item,Year Code,Year,Unit,Value,Flag,Flag Description
"CAHD","Cost and Affordability of a Healthy Diet (CoAHD)","008","Albania","6226","Value","7008","Cost of animal source foods","2017","2017","PPP dollar per person per day","1.204","E","Estimated value"
"CAHD","Cost and Affordability of a Healthy Diet (CoAHD)","012","Algeria","6226","Value","7008","Cost of animal source foods","2017","2017","PPP dollar per person per day","0.964","E","Estimated value"
"CAHD","Cost and Affordability of a Healthy Diet (CoAHD)","024","Angola","6226","Value","7008","Cost of animal source foods","2017","2017","PPP dollar per person per day","1.011","E","Estimated value"
"CAHD","Cost and Affordability of a Healthy Diet (CoAHD)","660","Anguilla","6226","Value","7008","Cost of animal source foods","2017","2017","PPP dollar per person per day","0.647","E","Estimated value"
"CAHD","Cost and Affordability of a Healthy Diet (CoAHD)","028","Antigua and Barbuda","6226","Value","7008","Cost of animal source foods","2017","2017","PPP dollar per person per day","0.682","E","Estimated value"
"CAHD","Cost and Affordability of a Healthy Diet (CoAHD)","032","Argentina","6226","Value","7008","Cost of animal source foods","2017","2017","PPP dollar per person per day","0.669","E","Estimated value"
"CAHD","Cost and Affordability of a Healthy Diet (CoAHD)","051","Armenia","6226","Value","7008","Cost of animal source foods","2017","2017","PPP dollar per person per day","0.973","E","Estimated value"
"CAHD","Cost and Affordability of a Healthy Diet (CoAHD)","533","Aruba","6226","Value","7008","Cost of animal source foods","2017","2017","PPP dollar per person per day","0.718","E","Estimated value"
"CAHD","Cost and Affordability of a Healthy Diet (CoAHD)","036","Australia","6226","Value","7008","Cost of animal source foods","2017","2017","PPP dollar per person per day","0.458","E","Estimated value"
"CAHD","Cost and Affordability of a Healthy Diet (CoAHD)","040","Austria","6226","Value","7008","Cost of animal source foods","2017","2017","PPP dollar per person per day","0.612","E","Estimated value"
"CAHD","Cost and Affordability of a Healthy Diet (CoAHD)","031","Azerbaijan","6226","Value","7008","Cost of animal source foods","2017","2017","PPP dollar per person per day","0.729","E","Estimated value"
"CAHD","Cost and Affordability of a Healthy Diet (CoAHD)","044","Bahamas","6226","Value","7008","Cost of animal source foods","2017","2017","PPP dollar per person per day","0.848","E","Estimated value"
"CAHD","Cost and Affordability of a Healthy Diet (CoAHD)","048","Bahrain","6226","Value","7008","Cost of animal source foods","2017","2017","PPP dollar per person per day","1.006","E","Estimated value"
"CAHD","Cost and Affordability of a Healthy Diet (CoAHD)","050","Bangladesh","6226","Value","7008","Cost of animal source foods","2017","2017","PPP dollar per person per day","1.143","E","Estimated value"
"CAHD","Cost and Affordability of a Healthy Diet (CoAHD)","112","Belarus","6226","Value","7008","Cost of animal source foods","2017","2017","PPP dollar per person per day","0.826","E","Estimated value"
"CAHD","Cost and Affordability of a Healthy Diet (CoAHD)","056","Belgium","6226","Value","7008","Cost of animal source foods","2017","2017","PPP dollar per person per day","0.745","E","Estimated value"
"CAHD","Cost and Affordability of a Healthy Diet (CoAHD)","084","Belize","6226","Value","7008","Cost of animal source foods","2017","2017","PPP dollar per person per day","0.776","E","Estimated value"
"CAHD","Cost and Affordability of a Healthy Diet (CoAHD)","204","Benin","6226","Value","7008","Cost of animal source foods","2017","2017","PPP dollar per person per day","1.168","E","Estimated value"
"CAHD","Cost and Affordability of a Healthy Diet (CoAHD)","060","Bermuda","6226","Value","7008","Cost of animal source foods","2017","2017","PPP dollar per person per day","0.502","E","Estimated value"
"CAHD","Cost and Affordability of a Healthy Diet (CoAHD)","064","Bhutan","6226","Value","7008","Cost of animal source foods","2017","2017","PPP dollar per person per day","1.191","E","Estimated value"
"CAHD","Cost and Affordability of a Healthy Diet (CoAHD)","068","Bolivia (Plurinational State of)","6226","Value","7008","Cost of animal source foods","2017","2017","PPP dollar per person per day","1.046","E","Estimated value"
"CAHD","Cost and Affordability of a Healthy Diet (CoAHD)","070","Bosnia and Herzegovina","6226","Value","7008","Cost of animal source foods","2017","2017","PPP dollar per person per day","0.921","E","Estimated value"
"CAHD","Cost and Affordability of a Healthy Diet (CoAHD)","072","Botswana","6226","Value","7008","Cost of animal source foods","2017","2017","PPP dollar per person per day","1.097","E","Estimated value"
"CAHD","Cost and Affordability of a Healthy Diet (CoAHD)","076","Brazil","6226","Value","7008","Cost of animal source foods","2017","2017","PPP dollar per person per day","0.635","E","Estimated value"
"CAHD","Cost and Affordability of a Healthy Diet (CoAHD)","092","British Virgin Islands","6226","Value","7008","Cost of animal source foods","2017","2017","PPP dollar per person per day","0.828","E","Estimated value"
"CAHD","Cost and Affordability of a Healthy Diet (CoAHD)","096","Brunei Darussalam","6226","Value","7008","Cost of animal source foods","2017","2017","PPP dollar per person per day","1.123","E","Estimated value"
"CAHD","Cost and Affordability of a Healthy Diet (CoAHD)","100","Bulgaria","6226","Value","7008","Cost of animal source foods","2017","2017","PPP dollar per person per day","0.963","E","Estimated value"
"CAHD","Cost and Affordability of a Healthy Diet (CoAHD)","854","Burkina Faso","6226","Value","7008","Cost of animal source foods","2017","2017","PPP dollar per person per day","1.145","E","Estimated value"
"CAHD","Cost and Affordability of a Healthy Diet (CoAHD)","108","Burundi","6226","Value","7008","Cost of animal source foods","2017","2017","PPP dollar per person per day","1.112","E","Estimated value"
"CAHD","Cost and Affordability of a Healthy Diet (CoAHD)","132","Cabo Verde","6226","Value","7008","Cost of animal source foods","2017","2017","PPP dollar per person per day","0.779","E","Estimated value"
"CAHD","Cost and Affordability of a Healthy Diet (CoAHD)","116","Cambodia","6226","Value","7008","Cost of animal source foods","2017","2017","PPP dollar per person per day","1.226","E","Estimated value"
"CAHD","Cost and Affordability of a Healthy Diet (CoAHD)","120","Cameroon","6226","Value","7008","Cost of animal source foods","2017","2017","PPP dollar per person per day","0.837","E","Estimated value"
"CAHD","Cost and Affordability of a Healthy Diet (CoAHD)","124","Canada","6226","Value","7008","Cost of animal source foods","2017","2017","PPP dollar per person per day","0.766","E","Estimated value"
"CAHD","Cost and Affordability of a Healthy Diet (CoAHD)","136","Cayman Islands","6226","Value","7008","Cost of animal source foods","2017","2017","PPP dollar per person per day","0.585","E","Estimated value"
"CAHD","Cost and Affordability of a Healthy Diet (CoAHD)","140","Central African Republic","6226","Value","7008","Cost of animal source foods","2017","2017","PPP dollar per person per day","1.284","E","Estimated value"
"CAHD","Cost and Affordability of a Healthy Diet (CoAHD)","148","Chad","6226","Value","7008","Cost of animal source foods","2017","2017","PPP dollar per person per day","0.882","E","Estimated value"
"CAHD","Cost and Affordability of a Healthy Diet (CoAHD)","152","Chile","6226","Value","7008","Cost of animal source foods","2017","2017","PPP dollar per person per day","0.765","E","Estimated value"
"CAHD","Cost and Affordability of a Healthy Diet (CoAHD)","344","China, Hong Kong SAR","6226","Value","7008","Cost of animal source foods","2017","2017","PPP dollar per person per day","1.034","E","Estimated value"
"CAHD","Cost and Affordability of a Healthy Diet (CoAHD)","156","China, mainland","6226","Value","7008","Cost of animal source foods","2017","2017","PPP dollar per person per day","0.672","E","Estimated value"
"CAHD","Cost and Affordability of a Healthy Diet (CoAHD)","158","China, Taiwan Province of","6226","Value","7008","Cost of animal source foods","2017","2017","PPP dollar per person per day","0.911","E","Estimated value"
"CAHD","Cost and Affordability of a Healthy Diet (CoAHD)","170","Colombia","6226","Value","7008","Cost of animal source foods","2017","2017","PPP dollar per person per day","0.798","E","Estimated value"
"CAHD","Cost and Affordability of a Healthy Diet (CoAHD)","178","Congo","6226","Value","7008","Cost of animal source foods","2017","2017","PPP dollar per person per day","0.633","E","Estimated value"
"CAHD","Cost and Affordability of a Healthy Diet (CoAHD)","188","Costa Rica","6226","Value","7008","Cost of animal source foods","2017","2017","PPP dollar per person per day","0.863","E","Estimated value"
"CAHD","Cost and Affordability of a Healthy Diet (CoAHD)","384","Côte d'Ivoire","6226","Value","7008","Cost of animal source foods","2017","2017","PPP dollar per person per day","1.111","E","Estimated value"
"CAHD","Cost and Affordability of a Healthy Diet (CoAHD)","191","Croatia","6226","Value","7008","Cost of animal source foods","2017","2017","PPP dollar per person per day","0.955","E","Estimated value"
"CAHD","Cost and Affordability of a Healthy Diet (CoAHD)","531","Curaçao","6226","Value","7008","Cost of animal source foods","2017","2017","PPP dollar per person per day","0.673","E","Estimated value"
"CAHD","Cost and Affordability of a Healthy Diet (CoAHD)","196","Cyprus","6226","Value","7008","Cost of animal source foods","2017","2017","PPP dollar per person per day","0.697","E","Estimated value"
"CAHD","Cost and Affordability of a Healthy Diet (CoAHD)","203","Czechia","6226","Value","7008","Cost of animal source foods","2017","2017","PPP dollar per person per day","0.7","E","Estimated value"
"CAHD","Cost and Affordability of a Healthy Diet (CoAHD)","180","Democratic Republic of the Congo","6226","Value","7008","Cost of animal source foods","2017","2017","PPP dollar per person per day","1.207","E","Estimated value"
"CAHD","Cost and Affordability of a Healthy Diet (CoAHD)","208","Denmark","6226","Value","7008","Cost of animal source foods","2017","2017","PPP dollar per person per day","0.498","E","Estimated value"
"CAHD","Cost and Affordability of a Healthy Diet (CoAHD)","262","Djibouti","6226","Value","7008","Cost of animal source foods","2017","2017","PPP dollar per person per day","0.988","E","Estimated value"
"CAHD","Cost and Affordability of a Healthy Diet (CoAHD)","212","Dominica","6226","Value","7008","Cost of animal source foods","2017","2017","PPP dollar per person per day","0.841","E","Estimated value"
"CAHD","Cost and Affordability of a Healthy Diet (CoAHD)","214","Dominican Republic","6226","Value","7008","Cost of animal source foods","2017","2017","PPP dollar per person per day","0.898","E","Estimated value"
"CAHD","Cost and Affordability of a Healthy Diet (CoAHD)","218","Ecuador","6226","Value","7008","Cost of animal source foods","2017","2017","PPP dollar per person per day","0.753","E","Estimated value"
"CAHD","Cost and Affordability of a Healthy Diet (CoAHD)","818","Egypt","6226","Value","7008","Cost of animal source foods","2017","2017","PPP dollar per person per day","1.209","E","Estimated value"
"CAHD","Cost and Affordability of a Healthy Diet (CoAHD)","226","Equatorial Guinea","6226","Value","7008","Cost of animal source foods","2017","2017","PPP dollar per person per day","0.804","E","Estimated value"
"CAHD","Cost and Affordability of a Healthy Diet (CoAHD)","233","Estonia","6226","Value","7008","Cost of animal source foods","2017","2017","PPP dollar per person per day","0.752","E","Estimated value"
"CAHD","Cost and Affordability of a Healthy Diet (CoAHD)","748","Eswatini","6226","Value","7008","Cost of animal source foods","2017","2017","PPP dollar per person per day","1.136","E","Estimated value"
"CAHD","Cost and Affordability of a Healthy Diet (CoAHD)","231","Ethiopia","6226","Value","7008","Cost of animal source foods","2017","2017","PPP dollar per person per day","0.882","E","Estimated value"
"CAHD","Cost and Affordability of a Healthy Diet (CoAHD)","242","Fiji","6226","Value","7008","Cost of animal source foods","2017","2017","PPP dollar per person per day","1.001","E","Estimated value"
"CAHD","Cost and Affordability of a Healthy Diet (CoAHD)","246","Finland","6226","Value","7008","Cost of animal source foods","2017","2017","PPP dollar per person per day","0.543","E","Estimated value"
"CAHD","Cost and Affordability of a Healthy Diet (CoAHD)","250","France","6226","Value","7008","Cost of animal source foods","2017","2017","PPP dollar per person per day","0.64","E","Estimated value"
"CAHD","Cost and Affordability of a Healthy Diet (CoAHD)","266","Gabon","6226","Value","7008","Cost of animal source foods","2017","2017","PPP dollar per person per day","0.735","E","Estimated value"
"CAHD","Cost and Affordability of a Healthy Diet (CoAHD)","270","Gambia","6226","Value","7008","Cost of animal source foods","2017","2017","PPP dollar per person per day","0.589","E","Estimated value"
"CAHD","Cost and Affordability of a Healthy Diet (CoAHD)","276","Germany","6226","Value","7008","Cost of animal source foods","2017","2017","PPP dollar per person per day","0.666","E","Estimated value"
"CAHD","Cost and Affordability of a Healthy Diet (CoAHD)","288","Ghana","6226","Value","7008","Cost of animal source foods","2017","2017","PPP dollar per person per day","1.235","E","Estimated value"
"CAHD","Cost and Affordability of a Healthy Diet (CoAHD)","300","Greece","6226","Value","7008","Cost of animal source foods","2017","2017","PPP dollar per person per day","0.797","E","Estimated value"
"CAHD","Cost and Affordability of a Healthy Diet (CoAHD)","308","Grenada","6226","Value","7008","Cost of animal source foods","2017","2017","PPP dollar per person per day","1.335","E","Estimated value"
"CAHD","Cost and Affordability of a Healthy Diet (CoAHD)","324","Guinea","6226","Value","7008","Cost of animal source foods","2017","2017","PPP dollar per person per day","0.559","E","Estimated value"
"CAHD","Cost and Affordability of a Healthy Diet (CoAHD)","624","Guinea-Bissau","6226","Value","7008","Cost of animal source foods","2017","2017","PPP dollar per person per day","0.569","E","Estimated value"
"CAHD","Cost and Affordability of a Healthy Diet (CoAHD)","328","Guyana","6226","Value","7008","Cost of animal source foods","2017","2017","PPP dollar per person per day","0.922","E","Estimated value"
"CAHD","Cost and Affordability of a Healthy Diet (CoAHD)","332","Haiti","6226","Value","7008","Cost of animal source foods","2017","2017","PPP dollar per person per day","1.583","E","Estimated value"
"CAHD","Cost and Affordability of a Healthy Diet (CoAHD)","340","Honduras","6226","Value","7008","Cost of animal source foods","2017","2017","PPP dollar per person per day","1.083","E","Estimated value"
"CAHD","Cost and Affordability of a Healthy Diet (CoAHD)","348","Hungary","6226","Value","7008","Cost of animal source foods","2017","2017","PPP dollar per person per day","0.805","E","Estimated value"
"CAHD","Cost and Affordability of a Healthy Diet (CoAHD)","352","Iceland","6226","Value","7008","Cost of animal source foods","2017","2017","PPP dollar per person per day","0.596","E","Estimated value"
"CAHD","Cost and Affordability of a Healthy Diet (CoAHD)","356","India","6226","Value","7008","Cost of animal source foods","2017","2017","PPP dollar per person per day","0.892","E","Estimated value"
"CAHD","Cost and Affordability of a Healthy Diet (CoAHD)","360","Indonesia","6226","Value","7008","Cost of animal source foods","2017","2017","PPP dollar per person per day","0.929","E","Estimated value"
"CAHD","Cost and Affordability of a Healthy Diet (CoAHD)","364","Iran (Islamic Republic of)","6226","Value","7008","Cost of animal source foods","2017","2017","PPP dollar per person per day","0.704","E","Estimated value"
"CAHD","Cost and Affordability of a Healthy Diet (CoAHD)","368","Iraq","6226","Value","7008","Cost of animal source foods","2017","2017","PPP dollar per person per day","0.999","E","Estimated value"
"CAHD","Cost and Affordability of a Healthy Diet (CoAHD)","372","Ireland","6226","Value","7008","Cost of animal source foods","2017","2017","PPP dollar per person per day","0.523","E","Estimated value"
"CAHD","Cost and Affordability of a Healthy Diet (CoAHD)","376","Israel","6226","Value","7008","Cost of animal source foods","2017","2017","PPP dollar per person per day","0.842","E","Estimated value"
"CAHD","Cost and Affordability of a Healthy Diet (CoAHD)","380","Italy","6226","Value","7008","Cost of animal source foods","2017","2017","PPP dollar per person per day","0.778","E","Estimated value"
"CAHD","Cost and Affordability of a Healthy Diet (CoAHD)","388","Jamaica","6226","Value","7008","Cost of animal source foods","2017","2017","PPP dollar per person per day","1.144","E","Estimated value"
"CAHD","Cost and Affordability of a Healthy Diet (CoAHD)","392","Japan","6226","Value","7008","Cost of animal source foods","2017","2017","PPP dollar per person per day","0.887","E","Estimated value"
"CAHD","Cost and Affordability of a Healthy Diet (CoAHD)","400","Jordan","6226","Value","7008","Cost of animal source foods","2017","2017","PPP dollar per person per day","1.288","E","Estimated value"
"CAHD","Cost and Affordability of a Healthy Diet (CoAHD)","398","Kazakhstan","6226","Value","7008","Cost of animal source foods","2017","2017","PPP dollar per person per day","0.672","E","Estimated value"
"CAHD","Cost and Affordability of a Healthy Diet (CoAHD)","404","Kenya","6226","Value","7008","Cost of animal source foods","2017","2017","PPP dollar per person per day","0.935","E","Estimated value"
"CAHD","Cost and Affordability of a Healthy Diet (CoAHD)","414","Kuwait","6226","Value","7008","Cost of animal source foods","2017","2017","PPP dollar per person per day","1.024","E","Estimated value"
"CAHD","Cost and Affordability of a Healthy Diet (CoAHD)","417","Kyrgyzstan","6226","Value","7008","Cost of animal source foods","2017","2017","PPP dollar per person per day","0.796","E","Estimated value"
"CAHD","Cost and Affordability of a Healthy Diet (CoAHD)","418","Lao People's Democratic Republic","6226","Value","7008","Cost of animal source foods","2017","2017","PPP dollar per person per day","1.105","E","Estimated value"
"CAHD","Cost and Affordability of a Healthy Diet (CoAHD)","428","Latvia","6226","Value","7008","Cost of animal source foods","2017","2017","PPP dollar per person per day","0.794","E","Estimated value"
"CAHD","Cost and Affordability of a Healthy Diet (CoAHD)","426","Lesotho","6226","Value","7008","Cost of animal source foods","2017","2017","PPP dollar per person per day","1.172","E","Estimated value"
"CAHD","Cost and Affordability of a Healthy Diet (CoAHD)","430","Liberia","6226","Value","7008","Cost of animal source foods","2017","2017","PPP dollar per person per day","0.685","E","Estimated value"
"CAHD","Cost and Affordability of a Healthy Diet (CoAHD)","440","Lithuania","6226","Value","7008","Cost of animal source foods","2017","2017","PPP dollar per person per day","0.702","E","Estimated value"
"CAHD","Cost and Affordability of a Healthy Diet (CoAHD)","442","Luxembourg","6226","Value","7008","Cost of animal source foods","2017","2017","PPP dollar per person per day","0.656","E","Estimated value"
"CAHD","Cost and Affordability of a Healthy Diet (CoAHD)","450","Madagascar","6226","Value","7008","Cost of animal source foods","2017","2017","PPP dollar per person per day","1.02","E","Estimated value"
"CAHD","Cost and Affordability of a Healthy Diet (CoAHD)","454","Malawi","6226","Value","7008","Cost of animal source foods","2017","2017","PPP dollar per person per day","1.085","E","Estimated value"
"CAHD","Cost and Affordability of a Healthy Diet (CoAHD)","458","Malaysia","6226","Value","7008","Cost of animal source foods","2017","2017","PPP dollar per person per day","0.83","E","Estimated value"
"CAHD","Cost and Affordability of a Healthy Diet (CoAHD)","462","Maldives","6226","Value","7008","Cost of animal source foods","2017","2017","PPP dollar per person per day","0.906","E","Estimated value"
"CAHD","Cost and Affordability of a Healthy Diet (CoAHD)","466","Mali","6226","Value","7008","Cost of animal source foods","2017","2017","PPP dollar per person per day","1.003","E","Estimated value"
"CAHD","Cost and Affordability of a Healthy Diet (CoAHD)","470","Malta","6226","Value","7008","Cost of animal source foods","2017","2017","PPP dollar per person per day","0.795","E","Estimated value"
"CAHD","Cost and Affordability of a Healthy Diet (CoAHD)","478","Mauritania","6226","Value","7008","Cost of animal source foods","2017","2017","PPP dollar per person per day","0.96","E","Estimated value"
"CAHD","Cost and Affordability of a Healthy Diet (CoAHD)","480","Mauritius","6226","Value","7008","Cost of animal source foods","2017","2017","PPP dollar per person per day","0.876","E","Estimated value"
"CAHD","Cost and Affordability of a Healthy Diet (CoAHD)","484","Mexico","6226","Value","7008","Cost of animal source foods","2017","2017","PPP dollar per person per day","0.766","E","Estimated value"
"CAHD","Cost and Affordability of a Healthy Diet (CoAHD)","496","Mongolia","6226","Value","7008","Cost of animal source foods","2017","2017","PPP dollar per person per day","0.756","E","Estimated value"
"CAHD","Cost and Affordability of a Healthy Diet (CoAHD)","499","Montenegro","6226","Value","7008","Cost of animal source foods","2017","2017","PPP dollar per person per day","0.862","E","Estimated value"
"CAHD","Cost and Affordability of a Healthy Diet (CoAHD)","500","Montserrat","6226","Value","7008","Cost of animal source foods","2017","2017","PPP dollar per person per day","0.799","E","Estimated value"
"CAHD","Cost and Affordability of a Healthy Diet (CoAHD)","504","Morocco","6226","Value","7008","Cost of animal source foods","2017","2017","PPP dollar per person per day","0.798","E","Estimated value"
"CAHD","Cost and Affordability of a Healthy Diet (CoAHD)","508","Mozambique","6226","Value","7008","Cost of animal source foods","2017","2017","PPP dollar per person per day","0.993","E","Estimated value"
"CAHD","Cost and Affordability of a Healthy Diet (CoAHD)","104","Myanmar","6226","Value","7008","Cost of animal source foods","2017","2017","PPP dollar per person per day","1.029","E","Estimated value"
"CAHD","Cost and Affordability of a Healthy Diet (CoAHD)","516","Namibia","6226","Value","7008","Cost of animal source foods","2017","2017","PPP dollar per person per day","0.736","E","Estimated value"
"CAHD","Cost and Affordability of a Healthy Diet (CoAHD)","524","Nepal","6226","Value","7008","Cost of animal source foods","2017","2017","PPP dollar per person per day","1.38","E","Estimated value"
"CAHD","Cost and Affordability of a Healthy Diet (CoAHD)","528","Netherlands (Kingdom of the)","6226","Value","7008","Cost of animal source foods","2017","2017","PPP dollar per person per day","0.614","E","Estimated value"
"CAHD","Cost and Affordability of a Healthy Diet (CoAHD)","554","New Zealand","6226","Value","7008","Cost of animal source foods","2017","2017","PPP dollar per person per day","0.739","E","Estimated value"
"CAHD","Cost and Affordability of a Healthy Diet (CoAHD)","558","Nicaragua","6226","Value","7008","Cost of animal source foods","2017","2017","PPP dollar per person per day","1.016","E","Estimated value"
"CAHD","Cost and Affordability of a Healthy Diet (CoAHD)","562","Niger","6226","Value","7008","Cost of animal source foods","2017","2017","PPP dollar per person per day","1.138","E","Estimated value"
"CAHD","Cost and Affordability of a Healthy Diet (CoAHD)","566","Nigeria","6226","Value","7008","Cost of animal source foods","2017","2017","PPP dollar per person per day","0.994","E","Estimated value"
"CAHD","Cost and Affordability of a Healthy Diet (CoAHD)","807","North Macedonia","6226","Value","7008","Cost of animal source foods","2017","2017","PPP dollar per person per day","0.949","E","Estimated value"
"CAHD","Cost and Affordability of a Healthy Diet (CoAHD)","578","Norway","6226","Value","7008","Cost of animal source foods","2017","2017","PPP dollar per person per day","0.691","E","Estimated value"
"CAHD","Cost and Affordability of a Healthy Diet (CoAHD)","512","Oman","6226","Value","7008","Cost of animal source foods","2017","2017","PPP dollar per person per day","0.842","E","Estimated value"
"CAHD","Cost and Affordability of a Healthy Diet (CoAHD)","586","Pakistan","6226","Value","7008","Cost of animal source foods","2017","2017","PPP dollar per person per day","1.019","E","Estimated value"
"CAHD","Cost and Affordability of a Healthy Diet (CoAHD)","275","Palestine","6226","Value","7008","Cost of animal source foods","2017","2017","PPP dollar per person per day","1.127","E","Estimated value"
"CAHD","Cost and Affordability of a Healthy Diet (CoAHD)","591","Panama","6226","Value","7008","Cost of animal source foods","2017","2017","PPP dollar per person per day","1.11","E","Estimated value"
"CAHD","Cost and Affordability of a Healthy Diet (CoAHD)","600","Paraguay","6226","Value","7008","Cost of animal source foods","2017","2017","PPP dollar per person per day","0.809","E","Estimated value"
"CAHD","Cost and Affordability of a Healthy Diet (CoAHD)","604","Peru","6226","Value","7008","Cost of animal source foods","2017","2017","PPP dollar per person per day","0.898","E","Estimated value"
"CAHD","Cost and Affordability of a Healthy Diet (CoAHD)","608","Philippines","6226","Value","7008","Cost of animal source foods","2017","2017","PPP dollar per person per day","1.095","E","Estimated value"
"CAHD","Cost and Affordability of a Healthy Diet (CoAHD)","616","Poland","6226","Value","7008","Cost of animal source foods","2017","2017","PPP dollar per person per day","0.584","E","Estimated value"
"CAHD","Cost and Affordability of a Healthy Diet (CoAHD)","620","Portugal","6226","Value","7008","Cost of animal source foods","2017","2017","PPP dollar per person per day","0.583","E","Estimated value"
"CAHD","Cost and Affordability of a Healthy Diet (CoAHD)","634","Qatar","6226","Value","7008","Cost of animal source foods","2017","2017","PPP dollar per person per day","0.679","E","Estimated value"
"CAHD","Cost and Affordability of a Healthy Diet (CoAHD)","410","Republic of Korea","6226","Value","7008","Cost of animal source foods","2017","2017","PPP dollar per person per day","1.188","E","Estimated value"
"CAHD","Cost and Affordability of a Healthy Diet (CoAHD)","498","Republic of Moldova","6226","Value","7008","Cost of animal source foods","2017","2017","PPP dollar per person per day","0.746","E","Estimated value"
"CAHD","Cost and Affordability of a Healthy Diet (CoAHD)","642","Romania","6226","Value","7008","Cost of animal source foods","2017","2017","PPP dollar per person per day","0.945","E","Estimated value"
"CAHD","Cost and Affordability of a Healthy Diet (CoAHD)","643","Russian Federation","6226","Value","7008","Cost of animal source foods","2017","2017","PPP dollar per person per day","0.98","E","Estimated value"
"CAHD","Cost and Affordability of a Healthy Diet (CoAHD)","646","Rwanda","6226","Value","7008","Cost of animal source foods","2017","2017","PPP dollar per person per day","0.919","E","Estimated value"
"CAHD","Cost and Affordability of a Healthy Diet (CoAHD)","659","Saint Kitts and Nevis","6226","Value","7008","Cost of animal source foods","2017","2017","PPP dollar per person per day","0.716","E","Estimated value"
"CAHD","Cost and Affordability of a Healthy Diet (CoAHD)","662","Saint Lucia","6226","Value","7008","Cost of animal source foods","2017","2017","PPP dollar per person per day","0.848","E","Estimated value"
"CAHD","Cost and Affordability of a Healthy Diet (CoAHD)","670","Saint Vincent and the Grenadines","6226","Value","7008","Cost of animal source foods","2017","2017","PPP dollar per person per day","0.78","E","Estimated value"
"CAHD","Cost and Affordability of a Healthy Diet (CoAHD)","678","Sao Tome and Principe","6226","Value","7008","Cost of animal source foods","2017","2017","PPP dollar per person per day","1.015","E","Estimated value"
"CAHD","Cost and Affordability of a Healthy Diet (CoAHD)","682","Saudi Arabia","6226","Value","7008","Cost of animal source foods","2017","2017","PPP dollar per person per day","1.031","E","Estimated value"
"CAHD","Cost and Affordability of a Healthy Diet (CoAHD)","686","Senegal","6226","Value","7008","Cost of animal source foods","2017","2017","PPP dollar per person per day","0.377","E","Estimated value"
"CAHD","Cost and Affordability of a Healthy Diet (CoAHD)","688","Serbia","6226","Value","7008","Cost of animal source foods","2017","2017","PPP dollar per person per day","0.998","E","Estimated value"
"CAHD","Cost and Affordability of a Healthy Diet (CoAHD)","690","Seychelles","6226","Value","7008","Cost of animal source foods","2017","2017","PPP dollar per person per day","1.088","E","Estimated value"
"CAHD","Cost and Affordability of a Healthy Diet (CoAHD)","694","Sierra Leone","6226","Value","7008","Cost of animal source foods","2017","2017","PPP dollar per person per day","0.754","E","Estimated value"
"CAHD","Cost and Affordability of a Healthy Diet (CoAHD)","702","Singapore","6226","Value","7008","Cost of animal source foods","2017","2017","PPP dollar per person per day","0.611","E","Estimated value"
"CAHD","Cost and Affordability of a Healthy Diet (CoAHD)","534","Sint Maarten (Dutch part)","6226","Value","7008","Cost of animal source foods","2017","2017","PPP dollar per person per day","0.864","E","Estimated value"
"CAHD","Cost and Affordability of a Healthy Diet (CoAHD)","703","Slovakia","6226","Value","7008","Cost of animal source foods","2017","2017","PPP dollar per person per day","0.667","E","Estimated value"
"CAHD","Cost and Affordability of a Healthy Diet (CoAHD)","705","Slovenia","6226","Value","7008","Cost of animal source foods","2017","2017","PPP dollar per person per day","0.698","E","Estimated value"
"CAHD","Cost and Affordability of a Healthy Diet (CoAHD)","710","South Africa","6226","Value","7008","Cost of animal source foods","2017","2017","PPP dollar per person per day","1.059","E","Estimated value"
"CAHD","Cost and Affordability of a Healthy Diet (CoAHD)","724","Spain","6226","Value","7008","Cost of animal source foods","2017","2017","PPP dollar per person per day","0.623","E","Estimated value"
"CAHD","Cost and Affordability of a Healthy Diet (CoAHD)","144","Sri Lanka","6226","Value","7008","Cost of animal source foods","2017","2017","PPP dollar per person per day","0.999","E","Estimated value"
"CAHD","Cost and Affordability of a Healthy Diet (CoAHD)","729","Sudan","6226","Value","7008","Cost of animal source foods","2017","2017","PPP dollar per person per day","1.203","E","Estimated value"
"CAHD","Cost and Affordability of a Healthy Diet (CoAHD)","740","Suriname","6226","Value","7008","Cost of animal source foods","2017","2017","PPP dollar per person per day","1.412","E","Estimated value"
"CAHD","Cost and Affordability of a Healthy Diet (CoAHD)","752","Sweden","6226","Value","7008","Cost of animal source foods","2017","2017","PPP dollar per person per day","0.644","E","Estimated value"
"CAHD","Cost and Affordability of a Healthy Diet (CoAHD)","756","Switzerland","6226","Value","7008","Cost of animal source foods","2017","2017","PPP dollar per person per day","0.675","E","Estimated value"
"CAHD","Cost and Affordability of a Healthy Diet (CoAHD)","762","Tajikistan","6226","Value","7008","Cost of animal source foods","2017","2017","PPP dollar per person per day","0.823","E","Estimated value"
"CAHD","Cost and Affordability of a Healthy Diet (CoAHD)","764","Thailand","6226","Value","7008","Cost of animal source foods","2017","2017","PPP dollar per person per day","0.942","E","Estimated value"
"CAHD","Cost and Affordability of a Healthy Diet (CoAHD)","780","Trinidad and Tobago","6226","Value","7008","Cost of animal source foods","2017","2017","PPP dollar per person per day","1.047","E","Estimated value"
"CAHD","Cost and Affordability of a Healthy Diet (CoAHD)","788","Tunisia","6226","Value","7008","Cost of animal source foods","2017","2017","PPP dollar per person per day","0.841","E","Estimated value"
"CAHD","Cost and Affordability of a Healthy Diet (CoAHD)","792","Türkiye","6226","Value","7008","Cost of animal source foods","2017","2017","PPP dollar per person per day","0.817","E","Estimated value"
"CAHD","Cost and Affordability of a Healthy Diet (CoAHD)","796","Turks and Caicos Islands","6226","Value","7008","Cost of animal source foods","2017","2017","PPP dollar per person per day","0.645","E","Estimated value"
"CAHD","Cost and Affordability of a Healthy Diet (CoAHD)","800","Uganda","6226","Value","7008","Cost of animal source foods","2017","2017","PPP dollar per person per day","0.853","E","Estimated value"
"CAHD","Cost and Affordability of a Healthy Diet (CoAHD)","784","United Arab Emirates","6226","Value","7008","Cost of animal source foods","2017","2017","PPP dollar per person per day","0.856","E","Estimated value"
"CAHD","Cost and Affordability of a Healthy Diet (CoAHD)","826","United Kingdom of Great Britain and Northern Ireland","6226","Value","7008","Cost of animal source foods","2017","2017","PPP dollar per person per day","0.494","E","Estimated value"
"CAHD","Cost and Affordability of a Healthy Diet (CoAHD)","834","United Republic of Tanzania","6226","Value","7008","Cost of animal source foods","2017","2017","PPP dollar per person per day","0.657","E","Estimated value"
"CAHD","Cost and Affordability of a Healthy Diet (CoAHD)","840","United States of America","6226","Value","7008","Cost of animal source foods","2017","2017","PPP dollar per person per day","0.557","E","Estimated value"
"CAHD","Cost and Affordability of a Healthy Diet (CoAHD)","858","Uruguay","6226","Value","7008","Cost of animal source foods","2017","2017","PPP dollar per person per day","0.615","E","Estimated value"
"CAHD","Cost and Affordability of a Healthy Diet (CoAHD)","704","Viet Nam","6226","Value","7008","Cost of animal source foods","2017","2017","PPP dollar per person per day","1.183","E","Estimated value"
"CAHD","Cost and Affordability of a Healthy Diet (CoAHD)","894","Zambia","6226","Value","7008","Cost of animal source foods","2017","2017","PPP dollar per person per day","0.906","E","Estimated value"
"CAHD","Cost and Affordability of a Healthy Diet (CoAHD)","716","Zimbabwe","6226","Value","7008","Cost of animal source foods","2017","2017","PPP dollar per person per day","0.95","E","Estimated value"
