Domain Code,Domain,Area Code (M49),Area,Food Group Code,Food Group,Indicator Code,Indicator,Year Code,Year,Element Code,Element,Unit,Value,Flag,Flag Description,Note
"SUA","Availability (based on supply utilization accounts)","004","Afghanistan","FG7","Meat and meat products","4003","Energy supply","2021","2021","6128","Value","kcal/cap/d","48","E","Estimated value",""
"SUA","Availability (based on supply utilization accounts)","008","Albania","FG7","Meat and meat products","4003","Energy supply","2021","2021","6128","Value","kcal/cap/d","263","E","Estimated value",""
"SUA","Availability (based on supply utilization accounts)","012","Algeria","FG7","Meat and meat products","4003","Energy supply","2021","2021","6128","Value","kcal/cap/d","96","E","Estimated value",""
"SUA","Availability (based on supply utilization accounts)","024","Angola","FG7","Meat and meat products","4003","Energy supply","2021","2021","6128","Value","kcal/cap/d","106","E","Estimated value",""
"SUA","Availability (based on supply utilization accounts)","028","Antigua and Barbuda","FG7","Meat and meat products","4003","Energy supply","2021","2021","6128","Value","kcal/cap/d","349","E","Estimated value",""
"SUA","Availability (based on supply utilization accounts)","032","Argentina","FG7","Meat and meat products","4003","Energy supply","2021","2021","6128","Value","kcal/cap/d","601","E","Estimated value",""
"SUA","Availability (based on supply utilization accounts)","051","Armenia","FG7","Meat and meat products","4003","Energy supply","2021","2021","6128","Value","kcal/cap/d","324","E","Estimated value",""
"SUA","Availability (based on supply utilization accounts)","036","Australia","FG7","Meat and meat products","4003","Energy supply","2021","2021","6128","Value","kcal/cap/d","466","E","Estimated value",""
"SUA","Availability (based on supply utilization accounts)","040","Austria","FG7","Meat and meat products","4003","Energy supply","2021","2021","6128","Value","kcal/cap/d","339","E","Estimated value",""
"SUA","Availability (based on supply utilization accounts)","031","Azerbaijan","FG7","Meat and meat products","4003","Energy supply","2021","2021","6128","Value","kcal/cap/d","200","E","Estimated value",""
"SUA","Availability (based on supply utilization accounts)","044","Bahamas","FG7","Meat and meat products","4003","Energy supply","2021","2021","6128","Value","kcal/cap/d","494","E","Estimated value",""
"SUA","Availability (based on supply utilization accounts)","048","Bahrain","FG7","Meat and meat products","4003","Energy supply","2021","2021","6128","Value","kcal/cap/d","383","E","Estimated value",""
"SUA","Availability (based on supply utilization accounts)","050","Bangladesh","FG7","Meat and meat products","4003","Energy supply","2021","2021","6128","Value","kcal/cap/d","20","E","Estimated value",""
"SUA","Availability (based on supply utilization accounts)","052","Barbados","FG7","Meat and meat products","4003","Energy supply","2021","2021","6128","Value","kcal/cap/d","354","E","Estimated value",""
"SUA","Availability (based on supply utilization accounts)","112","Belarus","FG7","Meat and meat products","4003","Energy supply","2021","2021","6128","Value","kcal/cap/d","431","E","Estimated value",""
"SUA","Availability (based on supply utilization accounts)","056","Belgium","FG7","Meat and meat products","4003","Energy supply","2021","2021","6128","Value","kcal/cap/d","309","E","Estimated value",""
"SUA","Availability (based on supply utilization accounts)","084","Belize","FG7","Meat and meat products","4003","Energy supply","2021","2021","6128","Value","kcal/cap/d","294","E","Estimated value",""
"SUA","Availability (based on supply utilization accounts)","204","Benin","FG7","Meat and meat products","4003","Energy supply","2021","2021","6128","Value","kcal/cap/d","68","E","Estimated value",""
"SUA","Availability (based on supply utilization accounts)","064","Bhutan","FG7","Meat and meat products","4003","Energy supply","2021","2021","6128","Value","kcal/cap/d","64","E","Estimated value",""
"SUA","Availability (based on supply utilization accounts)","068","Bolivia (Plurinational State of)","FG7","Meat and meat products","4003","Energy supply","2021","2021","6128","Value","kcal/cap/d","347","E","Estimated value",""
"SUA","Availability (based on supply utilization accounts)","070","Bosnia and Herzegovina","FG7","Meat and meat products","4003","Energy supply","2021","2021","6128","Value","kcal/cap/d","235","E","Estimated value",""
"SUA","Availability (based on supply utilization accounts)","072","Botswana","FG7","Meat and meat products","4003","Energy supply","2021","2021","6128","Value","kcal/cap/d","127","E","Estimated value",""
"SUA","Availability (based on supply utilization accounts)","076","Brazil","FG7","Meat and meat products","4003","Energy supply","2021","2021","6128","Value","kcal/cap/d","439","E","Estimated value",""
"SUA","Availability (based on supply utilization accounts)","100","Bulgaria","FG7","Meat and meat products","4003","Energy supply","2021","2021","6128","Value","kcal/cap/d","283","E","Estimated value",""
"SUA","Availability (based on supply utilization accounts)","854","Burkina Faso","FG7","Meat and meat products","4003","Energy supply","2021","2021","6128","Value","kcal/cap/d","187","E","Estimated value",""
"SUA","Availability (based on supply utilization accounts)","108","Burundi","FG7","Meat and meat products","4003","Energy supply","2021","2021","6128","Value","kcal/cap/d","19","E","Estimated value",""
"SUA","Availability (based on supply utilization accounts)","132","Cabo Verde","FG7","Meat and meat products","4003","Energy supply","2021","2021","6128","Value","kcal/cap/d","184","E","Estimated value",""
"SUA","Availability (based on supply utilization accounts)","116","Cambodia","FG7","Meat and meat products","4003","Energy supply","2021","2021","6128","Value","kcal/cap/d","77","E","Estimated value",""
"SUA","Availability (based on supply utilization accounts)","120","Cameroon","FG7","Meat and meat products","4003","Energy supply","2021","2021","6128","Value","kcal/cap/d","72","E","Estimated value",""
"SUA","Availability (based on supply utilization accounts)","124","Canada","FG7","Meat and meat products","4003","Energy supply","2021","2021","6128","Value","kcal/cap/d","345","E","Estimated value",""
"SUA","Availability (based on supply utilization accounts)","140","Central African Republic","FG7","Meat and meat products","4003","Energy supply","2021","2021","6128","Value","kcal/cap/d","193","E","Estimated value",""
"SUA","Availability (based on supply utilization accounts)","148","Chad","FG7","Meat and meat products","4003","Energy supply","2021","2021","6128","Value","kcal/cap/d","275","E","Estimated value",""
"SUA","Availability (based on supply utilization accounts)","152","Chile","FG7","Meat and meat products","4003","Energy supply","2021","2021","6128","Value","kcal/cap/d","441","E","Estimated value",""
"SUA","Availability (based on supply utilization accounts)","159","China","FG7","Meat and meat products","4003","Energy supply","2021","2021","6128","Value","kcal/cap/d","375","E","Estimated value",""
"SUA","Availability (based on supply utilization accounts)","344","China, Hong Kong SAR","FG7","Meat and meat products","4003","Energy supply","2021","2021","6128","Value","kcal/cap/d","735","E","Estimated value",""
"SUA","Availability (based on supply utilization accounts)","446","China, Macao SAR","FG7","Meat and meat products","4003","Energy supply","2021","2021","6128","Value","kcal/cap/d","516","E","Estimated value",""
"SUA","Availability (based on supply utilization accounts)","156","China, mainland","FG7","Meat and meat products","4003","Energy supply","2021","2021","6128","Value","kcal/cap/d","369","E","Estimated value",""
"SUA","Availability (based on supply utilization accounts)","158","China, Taiwan Province of","FG7","Meat and meat products","4003","Energy supply","2021","2021","6128","Value","kcal/cap/d","427","E","Estimated value",""
"SUA","Availability (based on supply utilization accounts)","170","Colombia","FG7","Meat and meat products","4003","Energy supply","2021","2021","6128","Value","kcal/cap/d","291","E","Estimated value",""
"SUA","Availability (based on supply utilization accounts)","174","Comoros","FG7","Meat and meat products","4003","Energy supply","2021","2021","6128","Value","kcal/cap/d","137","E","Estimated value",""
"SUA","Availability (based on supply utilization accounts)","178","Congo","FG7","Meat and meat products","4003","Energy supply","2021","2021","6128","Value","kcal/cap/d","202","E","Estimated value",""
"SUA","Availability (based on supply utilization accounts)","188","Costa Rica","FG7","Meat and meat products","4003","Energy supply","2021","2021","6128","Value","kcal/cap/d","253","E","Estimated value",""
"SUA","Availability (based on supply utilization accounts)","384","Côte d'Ivoire","FG7","Meat and meat products","4003","Energy supply","2021","2021","6128","Value","kcal/cap/d","77","E","Estimated value",""
"SUA","Availability (based on supply utilization accounts)","191","Croatia","FG7","Meat and meat products","4003","Energy supply","2021","2021","6128","Value","kcal/cap/d","390","E","Estimated value",""
"SUA","Availability (based on supply utilization accounts)","192","Cuba","FG7","Meat and meat products","4003","Energy supply","2021","2021","6128","Value","kcal/cap/d","233","E","Estimated value",""
"SUA","Availability (based on supply utilization accounts)","196","Cyprus","FG7","Meat and meat products","4003","Energy supply","2021","2021","6128","Value","kcal/cap/d","312","E","Estimated value",""
"SUA","Availability (based on supply utilization accounts)","203","Czechia","FG7","Meat and meat products","4003","Energy supply","2021","2021","6128","Value","kcal/cap/d","345","E","Estimated value",""
"SUA","Availability (based on supply utilization accounts)","408","Democratic People's Republic of Korea","FG7","Meat and meat products","4003","Energy supply","2021","2021","6128","Value","kcal/cap/d","62","E","Estimated value",""
"SUA","Availability (based on supply utilization accounts)","180","Democratic Republic of the Congo","FG7","Meat and meat products","4003","Energy supply","2021","2021","6128","Value","kcal/cap/d","21","E","Estimated value",""
"SUA","Availability (based on supply utilization accounts)","208","Denmark","FG7","Meat and meat products","4003","Energy supply","2021","2021","6128","Value","kcal/cap/d","312","E","Estimated value",""
"SUA","Availability (based on supply utilization accounts)","262","Djibouti","FG7","Meat and meat products","4003","Energy supply","2021","2021","6128","Value","kcal/cap/d","76","E","Estimated value",""
"SUA","Availability (based on supply utilization accounts)","212","Dominica","FG7","Meat and meat products","4003","Energy supply","2021","2021","6128","Value","kcal/cap/d","374","E","Estimated value",""
"SUA","Availability (based on supply utilization accounts)","214","Dominican Republic","FG7","Meat and meat products","4003","Energy supply","2021","2021","6128","Value","kcal/cap/d","231","E","Estimated value",""
"SUA","Availability (based on supply utilization accounts)","218","Ecuador","FG7","Meat and meat products","4003","Energy supply","2021","2021","6128","Value","kcal/cap/d","236","E","Estimated value",""
"SUA","Availability (based on supply utilization accounts)","818","Egypt","FG7","Meat and meat products","4003","Energy supply","2021","2021","6128","Value","kcal/cap/d","122","E","Estimated value",""
"SUA","Availability (based on supply utilization accounts)","222","El Salvador","FG7","Meat and meat products","4003","Energy supply","2021","2021","6128","Value","kcal/cap/d","185","E","Estimated value",""
"SUA","Availability (based on supply utilization accounts)","233","Estonia","FG7","Meat and meat products","4003","Energy supply","2021","2021","6128","Value","kcal/cap/d","329","E","Estimated value",""
"SUA","Availability (based on supply utilization accounts)","748","Eswatini","FG7","Meat and meat products","4003","Energy supply","2021","2021","6128","Value","kcal/cap/d","143","E","Estimated value",""
"SUA","Availability (based on supply utilization accounts)","231","Ethiopia","FG7","Meat and meat products","4003","Energy supply","2021","2021","6128","Value","kcal/cap/d","40","E","Estimated value",""
"SUA","Availability (based on supply utilization accounts)","242","Fiji","FG7","Meat and meat products","4003","Energy supply","2021","2021","6128","Value","kcal/cap/d","203","E","Estimated value",""
"SUA","Availability (based on supply utilization accounts)","246","Finland","FG7","Meat and meat products","4003","Energy supply","2021","2021","6128","Value","kcal/cap/d","387","E","Estimated value",""
"SUA","Availability (based on supply utilization accounts)","250","France","FG7","Meat and meat products","4003","Energy supply","2021","2021","6128","Value","kcal/cap/d","409","E","Estimated value",""
"SUA","Availability (based on supply utilization accounts)","258","French Polynesia","FG7","Meat and meat products","4003","Energy supply","2021","2021","6128","Value","kcal/cap/d","413","E","Estimated value",""
"SUA","Availability (based on supply utilization accounts)","266","Gabon","FG7","Meat and meat products","4003","Energy supply","2021","2021","6128","Value","kcal/cap/d","297","E","Estimated value",""
"SUA","Availability (based on supply utilization accounts)","270","Gambia","FG7","Meat and meat products","4003","Energy supply","2021","2021","6128","Value","kcal/cap/d","66","E","Estimated value",""
"SUA","Availability (based on supply utilization accounts)","268","Georgia","FG7","Meat and meat products","4003","Energy supply","2021","2021","6128","Value","kcal/cap/d","173","E","Estimated value",""
"SUA","Availability (based on supply utilization accounts)","276","Germany","FG7","Meat and meat products","4003","Energy supply","2021","2021","6128","Value","kcal/cap/d","327","E","Estimated value",""
"SUA","Availability (based on supply utilization accounts)","288","Ghana","FG7","Meat and meat products","4003","Energy supply","2021","2021","6128","Value","kcal/cap/d","100","E","Estimated value",""
"SUA","Availability (based on supply utilization accounts)","300","Greece","FG7","Meat and meat products","4003","Energy supply","2021","2021","6128","Value","kcal/cap/d","307","E","Estimated value",""
"SUA","Availability (based on supply utilization accounts)","308","Grenada","FG7","Meat and meat products","4003","Energy supply","2021","2021","6128","Value","kcal/cap/d","348","E","Estimated value",""
"SUA","Availability (based on supply utilization accounts)","320","Guatemala","FG7","Meat and meat products","4003","Energy supply","2021","2021","6128","Value","kcal/cap/d","169","E","Estimated value",""
"SUA","Availability (based on supply utilization accounts)","324","Guinea","FG7","Meat and meat products","4003","Energy supply","2021","2021","6128","Value","kcal/cap/d","87","E","Estimated value",""
"SUA","Availability (based on supply utilization accounts)","624","Guinea-Bissau","FG7","Meat and meat products","4003","Energy supply","2021","2021","6128","Value","kcal/cap/d","87","E","Estimated value",""
"SUA","Availability (based on supply utilization accounts)","328","Guyana","FG7","Meat and meat products","4003","Energy supply","2021","2021","6128","Value","kcal/cap/d","302","E","Estimated value",""
"SUA","Availability (based on supply utilization accounts)","332","Haiti","FG7","Meat and meat products","4003","Energy supply","2021","2021","6128","Value","kcal/cap/d","110","E","Estimated value",""
"SUA","Availability (based on supply utilization accounts)","340","Honduras","FG7","Meat and meat products","4003","Energy supply","2021","2021","6128","Value","kcal/cap/d","164","E","Estimated value",""
"SUA","Availability (based on supply utilization accounts)","348","Hungary","FG7","Meat and meat products","4003","Energy supply","2021","2021","6128","Value","kcal/cap/d","359","E","Estimated value",""
"SUA","Availability (based on supply utilization accounts)","352","Iceland","FG7","Meat and meat products","4003","Energy supply","2021","2021","6128","Value","kcal/cap/d","482","E","Estimated value",""
"SUA","Availability (based on supply utilization accounts)","356","India","FG7","Meat and meat products","4003","Energy supply","2021","2021","6128","Value","kcal/cap/d","22","E","Estimated value",""
"SUA","Availability (based on supply utilization accounts)","360","Indonesia","FG7","Meat and meat products","4003","Energy supply","2021","2021","6128","Value","kcal/cap/d","80","E","Estimated value",""
"SUA","Availability (based on supply utilization accounts)","364","Iran (Islamic Republic of)","FG7","Meat and meat products","4003","Energy supply","2021","2021","6128","Value","kcal/cap/d","137","E","Estimated value",""
"SUA","Availability (based on supply utilization accounts)","368","Iraq","FG7","Meat and meat products","4003","Energy supply","2021","2021","6128","Value","kcal/cap/d","74","E","Estimated value",""
"SUA","Availability (based on supply utilization accounts)","372","Ireland","FG7","Meat and meat products","4003","Energy supply","2021","2021","6128","Value","kcal/cap/d","416","E","Estimated value",""
"SUA","Availability (based on supply utilization accounts)","376","Israel","FG7","Meat and meat products","4003","Energy supply","2021","2021","6128","Value","kcal/cap/d","455","E","Estimated value",""
"SUA","Availability (based on supply utilization accounts)","380","Italy","FG7","Meat and meat products","4003","Energy supply","2021","2021","6128","Value","kcal/cap/d","330","E","Estimated value",""
"SUA","Availability (based on supply utilization accounts)","388","Jamaica","FG7","Meat and meat products","4003","Energy supply","2021","2021","6128","Value","kcal/cap/d","255","E","Estimated value",""
"SUA","Availability (based on supply utilization accounts)","392","Japan","FG7","Meat and meat products","4003","Energy supply","2021","2021","6128","Value","kcal/cap/d","245","E","Estimated value",""
"SUA","Availability (based on supply utilization accounts)","400","Jordan","FG7","Meat and meat products","4003","Energy supply","2021","2021","6128","Value","kcal/cap/d","157","E","Estimated value",""
"SUA","Availability (based on supply utilization accounts)","398","Kazakhstan","FG7","Meat and meat products","4003","Energy supply","2021","2021","6128","Value","kcal/cap/d","370","E","Estimated value",""
"SUA","Availability (based on supply utilization accounts)","404","Kenya","FG7","Meat and meat products","4003","Energy supply","2021","2021","6128","Value","kcal/cap/d","54","E","Estimated value",""
"SUA","Availability (based on supply utilization accounts)","296","Kiribati","FG7","Meat and meat products","4003","Energy supply","2021","2021","6128","Value","kcal/cap/d","244","E","Estimated value",""
"SUA","Availability (based on supply utilization accounts)","414","Kuwait","FG7","Meat and meat products","4003","Energy supply","2021","2021","6128","Value","kcal/cap/d","359","E","Estimated value",""
"SUA","Availability (based on supply utilization accounts)","417","Kyrgyzstan","FG7","Meat and meat products","4003","Energy supply","2021","2021","6128","Value","kcal/cap/d","213","E","Estimated value",""
"SUA","Availability (based on supply utilization accounts)","418","Lao People's Democratic Republic","FG7","Meat and meat products","4003","Energy supply","2021","2021","6128","Value","kcal/cap/d","171","E","Estimated value",""
"SUA","Availability (based on supply utilization accounts)","428","Latvia","FG7","Meat and meat products","4003","Energy supply","2021","2021","6128","Value","kcal/cap/d","337","E","Estimated value",""
"SUA","Availability (based on supply utilization accounts)","422","Lebanon","FG7","Meat and meat products","4003","Energy supply","2021","2021","6128","Value","kcal/cap/d","159","E","Estimated value",""
"SUA","Availability (based on supply utilization accounts)","426","Lesotho","FG7","Meat and meat products","4003","Energy supply","2021","2021","6128","Value","kcal/cap/d","113","E","Estimated value",""
"SUA","Availability (based on supply utilization accounts)","430","Liberia","FG7","Meat and meat products","4003","Energy supply","2021","2021","6128","Value","kcal/cap/d","111","E","Estimated value",""
"SUA","Availability (based on supply utilization accounts)","434","Libya","FG7","Meat and meat products","4003","Energy supply","2021","2021","6128","Value","kcal/cap/d","220","E","Estimated value",""
"SUA","Availability (based on supply utilization accounts)","440","Lithuania","FG7","Meat and meat products","4003","Energy supply","2021","2021","6128","Value","kcal/cap/d","424","E","Estimated value",""
"SUA","Availability (based on supply utilization accounts)","442","Luxembourg","FG7","Meat and meat products","4003","Energy supply","2021","2021","6128","Value","kcal/cap/d","463","E","Estimated value",""
"SUA","Availability (based on supply utilization accounts)","450","Madagascar","FG7","Meat and meat products","4003","Energy supply","2021","2021","6128","Value","kcal/cap/d","27","E","Estimated value",""
"SUA","Availability (based on supply utilization accounts)","454","Malawi","FG7","Meat and meat products","4003","Energy supply","2021","2021","6128","Value","kcal/cap/d","155","E","Estimated value",""
"SUA","Availability (based on supply utilization accounts)","458","Malaysia","FG7","Meat and meat products","4003","Energy supply","2021","2021","6128","Value","kcal/cap/d","270","E","Estimated value",""
"SUA","Availability (based on supply utilization accounts)","462","Maldives","FG7","Meat and meat products","4003","Energy supply","2021","2021","6128","Value","kcal/cap/d","113","E","Estimated value",""
"SUA","Availability (based on supply utilization accounts)","466","Mali","FG7","Meat and meat products","4003","Energy supply","2021","2021","6128","Value","kcal/cap/d","37","E","Estimated value",""
"SUA","Availability (based on supply utilization accounts)","470","Malta","FG7","Meat and meat products","4003","Energy supply","2021","2021","6128","Value","kcal/cap/d","289","E","Estimated value",""
"SUA","Availability (based on supply utilization accounts)","478","Mauritania","FG7","Meat and meat products","4003","Energy supply","2021","2021","6128","Value","kcal/cap/d","161","E","Estimated value",""
"SUA","Availability (based on supply utilization accounts)","480","Mauritius","FG7","Meat and meat products","4003","Energy supply","2021","2021","6128","Value","kcal/cap/d","232","E","Estimated value",""
"SUA","Availability (based on supply utilization accounts)","484","Mexico","FG7","Meat and meat products","4003","Energy supply","2021","2021","6128","Value","kcal/cap/d","362","E","Estimated value",""
"SUA","Availability (based on supply utilization accounts)","583","Micronesia (Federated States of)","FG7","Meat and meat products","4003","Energy supply","2021","2021","6128","Value","kcal/cap/d","322","E","Estimated value",""
"SUA","Availability (based on supply utilization accounts)","496","Mongolia","FG7","Meat and meat products","4003","Energy supply","2021","2021","6128","Value","kcal/cap/d","639","E","Estimated value",""
"SUA","Availability (based on supply utilization accounts)","499","Montenegro","FG7","Meat and meat products","4003","Energy supply","2021","2021","6128","Value","kcal/cap/d","472","E","Estimated value",""
"SUA","Availability (based on supply utilization accounts)","504","Morocco","FG7","Meat and meat products","4003","Energy supply","2021","2021","6128","Value","kcal/cap/d","152","E","Estimated value",""
"SUA","Availability (based on supply utilization accounts)","508","Mozambique","FG7","Meat and meat products","4003","Energy supply","2021","2021","6128","Value","kcal/cap/d","52","E","Estimated value",""
"SUA","Availability (based on supply utilization accounts)","104","Myanmar","FG7","Meat and meat products","4003","Energy supply","2021","2021","6128","Value","kcal/cap/d","97","E","Estimated value",""
"SUA","Availability (based on supply utilization accounts)","516","Namibia","FG7","Meat and meat products","4003","Energy supply","2021","2021","6128","Value","kcal/cap/d","182","E","Estimated value",""
"SUA","Availability (based on supply utilization accounts)","520","Nauru","FG7","Meat and meat products","4003","Energy supply","2021","2021","6128","Value","kcal/cap/d","575","E","Estimated value",""
"SUA","Availability (based on supply utilization accounts)","524","Nepal","FG7","Meat and meat products","4003","Energy supply","2021","2021","6128","Value","kcal/cap/d","69","E","Estimated value",""
"SUA","Availability (based on supply utilization accounts)","528","Netherlands (Kingdom of the)","FG7","Meat and meat products","4003","Energy supply","2021","2021","6128","Value","kcal/cap/d","340","E","Estimated value",""
"SUA","Availability (based on supply utilization accounts)","540","New Caledonia","FG7","Meat and meat products","4003","Energy supply","2021","2021","6128","Value","kcal/cap/d","423","E","Estimated value",""
"SUA","Availability (based on supply utilization accounts)","554","New Zealand","FG7","Meat and meat products","4003","Energy supply","2021","2021","6128","Value","kcal/cap/d","377","E","Estimated value",""
"SUA","Availability (based on supply utilization accounts)","558","Nicaragua","FG7","Meat and meat products","4003","Energy supply","2021","2021","6128","Value","kcal/cap/d","134","E","Estimated value",""
"SUA","Availability (based on supply utilization accounts)","562","Niger","FG7","Meat and meat products","4003","Energy supply","2021","2021","6128","Value","kcal/cap/d","40","E","Estimated value",""
"SUA","Availability (based on supply utilization accounts)","566","Nigeria","FG7","Meat and meat products","4003","Energy supply","2021","2021","6128","Value","kcal/cap/d","36","E","Estimated value",""
"SUA","Availability (based on supply utilization accounts)","807","North Macedonia","FG7","Meat and meat products","4003","Energy supply","2021","2021","6128","Value","kcal/cap/d","214","E","Estimated value",""
"SUA","Availability (based on supply utilization accounts)","578","Norway","FG7","Meat and meat products","4003","Energy supply","2021","2021","6128","Value","kcal/cap/d","363","E","Estimated value",""
"SUA","Availability (based on supply utilization accounts)","512","Oman","FG7","Meat and meat products","4003","Energy supply","2021","2021","6128","Value","kcal/cap/d","217","E","Estimated value",""
"SUA","Availability (based on supply utilization accounts)","586","Pakistan","FG7","Meat and meat products","4003","Energy supply","2021","2021","6128","Value","kcal/cap/d","82","E","Estimated value",""
"SUA","Availability (based on supply utilization accounts)","591","Panama","FG7","Meat and meat products","4003","Energy supply","2021","2021","6128","Value","kcal/cap/d","345","E","Estimated value",""
"SUA","Availability (based on supply utilization accounts)","598","Papua New Guinea","FG7","Meat and meat products","4003","Energy supply","2021","2021","6128","Value","kcal/cap/d","256","E","Estimated value",""
"SUA","Availability (based on supply utilization accounts)","600","Paraguay","FG7","Meat and meat products","4003","Energy supply","2021","2021","6128","Value","kcal/cap/d","182","E","Estimated value",""
"SUA","Availability (based on supply utilization accounts)","604","Peru","FG7","Meat and meat products","4003","Energy supply","2021","2021","6128","Value","kcal/cap/d","270","E","Estimated value",""
"SUA","Availability (based on supply utilization accounts)","608","Philippines","FG7","Meat and meat products","4003","Energy supply","2021","2021","6128","Value","kcal/cap/d","177","E","Estimated value",""
"SUA","Availability (based on supply utilization accounts)","616","Poland","FG7","Meat and meat products","4003","Energy supply","2021","2021","6128","Value","kcal/cap/d","448","E","Estimated value",""
"SUA","Availability (based on supply utilization accounts)","620","Portugal","FG7","Meat and meat products","4003","Energy supply","2021","2021","6128","Value","kcal/cap/d","430","E","Estimated value",""
"SUA","Availability (based on supply utilization accounts)","634","Qatar","FG7","Meat and meat products","4003","Energy supply","2021","2021","6128","Value","kcal/cap/d","351","E","Estimated value",""
"SUA","Availability (based on supply utilization accounts)","410","Republic of Korea","FG7","Meat and meat products","4003","Energy supply","2021","2021","6128","Value","kcal/cap/d","364","E","Estimated value",""
"SUA","Availability (based on supply utilization accounts)","498","Republic of Moldova","FG7","Meat and meat products","4003","Energy supply","2021","2021","6128","Value","kcal/cap/d","302","E","Estimated value",""
"SUA","Availability (based on supply utilization accounts)","642","Romania","FG7","Meat and meat products","4003","Energy supply","2021","2021","6128","Value","kcal/cap/d","300","E","Estimated value",""
"SUA","Availability (based on supply utilization accounts)","643","Russian Federation","FG7","Meat and meat products","4003","Energy supply","2021","2021","6128","Value","kcal/cap/d","349","E","Estimated value",""
"SUA","Availability (based on supply utilization accounts)","646","Rwanda","FG7","Meat and meat products","4003","Energy supply","2021","2021","6128","Value","kcal/cap/d","39","E","Estimated value",""
"SUA","Availability (based on supply utilization accounts)","659","Saint Kitts and Nevis","FG7","Meat and meat products","4003","Energy supply","2021","2021","6128","Value","kcal/cap/d","418","E","Estimated value",""
"SUA","Availability (based on supply utilization accounts)","662","Saint Lucia","FG7","Meat and meat products","4003","Energy supply","2021","2021","6128","Value","kcal/cap/d","446","E","Estimated value",""
"SUA","Availability (based on supply utilization accounts)","670","Saint Vincent and the Grenadines","FG7","Meat and meat products","4003","Energy supply","2021","2021","6128","Value","kcal/cap/d","463","E","Estimated value",""
"SUA","Availability (based on supply utilization accounts)","882","Samoa","FG7","Meat and meat products","4003","Energy supply","2021","2021","6128","Value","kcal/cap/d","479","E","Estimated value",""
"SUA","Availability (based on supply utilization accounts)","678","Sao Tome and Principe","FG7","Meat and meat products","4003","Energy supply","2021","2021","6128","Value","kcal/cap/d","125","E","Estimated value",""
"SUA","Availability (based on supply utilization accounts)","682","Saudi Arabia","FG7","Meat and meat products","4003","Energy supply","2021","2021","6128","Value","kcal/cap/d","222","E","Estimated value",""
"SUA","Availability (based on supply utilization accounts)","686","Senegal","FG7","Meat and meat products","4003","Energy supply","2021","2021","6128","Value","kcal/cap/d","101","E","Estimated value",""
"SUA","Availability (based on supply utilization accounts)","688","Serbia","FG7","Meat and meat products","4003","Energy supply","2021","2021","6128","Value","kcal/cap/d","374","E","Estimated value",""
"SUA","Availability (based on supply utilization accounts)","690","Seychelles","FG7","Meat and meat products","4003","Energy supply","2021","2021","6128","Value","kcal/cap/d","314","E","Estimated value",""
"SUA","Availability (based on supply utilization accounts)","694","Sierra Leone","FG7","Meat and meat products","4003","Energy supply","2021","2021","6128","Value","kcal/cap/d","53","E","Estimated value",""
"SUA","Availability (based on supply utilization accounts)","703","Slovakia","FG7","Meat and meat products","4003","Energy supply","2021","2021","6128","Value","kcal/cap/d","271","E","Estimated value",""
"SUA","Availability (based on supply utilization accounts)","705","Slovenia","FG7","Meat and meat products","4003","Energy supply","2021","2021","6128","Value","kcal/cap/d","263","E","Estimated value",""
"SUA","Availability (based on supply utilization accounts)","090","Solomon Islands","FG7","Meat and meat products","4003","Energy supply","2021","2021","6128","Value","kcal/cap/d","87","E","Estimated value",""
"SUA","Availability (based on supply utilization accounts)","710","South Africa","FG7","Meat and meat products","4003","Energy supply","2021","2021","6128","Value","kcal/cap/d","350","E","Estimated value",""
"SUA","Availability (based on supply utilization accounts)","728","South Sudan","FG7","Meat and meat products","4003","Energy supply","2021","2021","6128","Value","kcal/cap/d","109","E","Estimated value",""
"SUA","Availability (based on supply utilization accounts)","724","Spain","FG7","Meat and meat products","4003","Energy supply","2021","2021","6128","Value","kcal/cap/d","414","E","Estimated value",""
"SUA","Availability (based on supply utilization accounts)","144","Sri Lanka","FG7","Meat and meat products","4003","Energy supply","2021","2021","6128","Value","kcal/cap/d","48","E","Estimated value",""
"SUA","Availability (based on supply utilization accounts)","729","Sudan","FG7","Meat and meat products","4003","Energy supply","2021","2021","6128","Value","kcal/cap/d","108","E","Estimated value",""
"SUA","Availability (based on supply utilization accounts)","740","Suriname","FG7","Meat and meat products","4003","Energy supply","2021","2021","6128","Value","kcal/cap/d","262","E","Estimated value",""
"SUA","Availability (based on supply utilization accounts)","752","Sweden","FG7","Meat and meat products","4003","Energy supply","2021","2021","6128","Value","kcal/cap/d","329","E","Estimated value",""
"SUA","Availability (based on supply utilization accounts)","756","Switzerland","FG7","Meat and meat products","4003","Energy supply","2021","2021","6128","Value","kcal/cap/d","343","E","Estimated value",""
"SUA","Availability (based on supply utilization accounts)","760","Syrian Arab Republic","FG7","Meat and meat products","4003","Energy supply","2021","2021","6128","Value","kcal/cap/d","98","E","Estimated value",""
"SUA","Availability (based on supply utilization accounts)","762","Tajikistan","FG7","Meat and meat products","4003","Energy supply","2021","2021","6128","Value","kcal/cap/d","199","E","Estimated value",""
"SUA","Availability (based on supply utilization accounts)","764","Thailand","FG7","Meat and meat products","4003","Energy supply","2021","2021","6128","Value","kcal/cap/d","143","E","Estimated value",""
"SUA","Availability (based on supply utilization accounts)","626","Timor-Leste","FG7","Meat and meat products","4003","Energy supply","2021","2021","6128","Value","kcal/cap/d","124","E","Estimated value",""
"SUA","Availability (based on supply utilization accounts)","768","Togo","FG7","Meat and meat products","4003","Energy supply","2021","2021","6128","Value","kcal/cap/d","46","E","Estimated value",""
"SUA","Availability (based on supply utilization accounts)","780","Trinidad and Tobago","FG7","Meat and meat products","4003","Energy supply","2021","2021","6128","Value","kcal/cap/d","247","E","Estimated value",""
"SUA","Availability (based on supply utilization accounts)","788","Tunisia","FG7","Meat and meat products","4003","Energy supply","2021","2021","6128","Value","kcal/cap/d","127","E","Estimated value",""
"SUA","Availability (based on supply utilization accounts)","792","Türkiye","FG7","Meat and meat products","4003","Energy supply","2021","2021","6128","Value","kcal/cap/d","210","E","Estimated value",""
"SUA","Availability (based on supply utilization accounts)","795","Turkmenistan","FG7","Meat and meat products","4003","Energy supply","2021","2021","6128","Value","kcal/cap/d","327","E","Estimated value",""
"SUA","Availability (based on supply utilization accounts)","800","Uganda","FG7","Meat and meat products","4003","Energy supply","2021","2021","6128","Value","kcal/cap/d","57","E","Estimated value",""
"SUA","Availability (based on supply utilization accounts)","804","Ukraine","FG7","Meat and meat products","4003","Energy supply","2021","2021","6128","Value","kcal/cap/d","225","E","Estimated value",""
"SUA","Availability (based on supply utilization accounts)","784","United Arab Emirates","FG7","Meat and meat products","4003","Energy supply","2021","2021","6128","Value","kcal/cap/d","353","E","Estimated value",""
"SUA","Availability (based on supply utilization accounts)","826","United Kingdom of Great Britain and Northern Ireland","FG7","Meat and meat products","4003","Energy supply","2021","2021","6128","Value","kcal/cap/d","382","E","Estimated value",""
"SUA","Availability (based on supply utilization accounts)","834","United Republic of Tanzania","FG7","Meat and meat products","4003","Energy supply","2021","2021","6128","Value","kcal/cap/d","67","E","Estimated value",""
"SUA","Availability (based on supply utilization accounts)","840","United States of America","FG7","Meat and meat products","4003","Energy supply","2021","2021","6128","Value","kcal/cap/d","510","E","Estimated value",""
"SUA","Availability (based on supply utilization accounts)","858","Uruguay","FG7","Meat and meat products","4003","Energy supply","2021","2021","6128","Value","kcal/cap/d","295","E","Estimated value",""
"SUA","Availability (based on supply utilization accounts)","860","Uzbekistan","FG7","Meat and meat products","4003","Energy supply","2021","2021","6128","Value","kcal/cap/d","241","E","Estimated value",""
"SUA","Availability (based on supply utilization accounts)","548","Vanuatu","FG7","Meat and meat products","4003","Energy supply","2021","2021","6128","Value","kcal/cap/d","214","E","Estimated value",""
"SUA","Availability (based on supply utilization accounts)","862","Venezuela (Bolivarian Republic of)","FG7","Meat and meat products","4003","Energy supply","2021","2021","6128","Value","kcal/cap/d","151","E","Estimated value",""
"SUA","Availability (based on supply utilization accounts)","704","Viet Nam","FG7","Meat and meat products","4003","Energy supply","2021","2021","6128","Value","kcal/cap/d","297","E","Estimated value",""
"SUA","Availability (based on supply utilization accounts)","887","Yemen","FG7","Meat and meat products","4003","Energy supply","2021","2021","6128","Value","kcal/cap/d","79","E","Estimated value",""
"SUA","Availability (based on supply utilization accounts)","894","Zambia","FG7","Meat and meat products","4003","Energy supply","2021","2021","6128","Value","kcal/cap/d","99","E","Estimated value",""
"SUA","Availability (based on supply utilization accounts)","716","Zimbabwe","FG7","Meat and meat products","4003","Energy supply","2021","2021","6128","Value","kcal/cap/d","314","E","Estimated value",""
